Net,Ilum,Geom error,Min error,Recallk1,Recallk2,Recallk3,Recallk4,Recallk5,Recallk6,Recallk7,Recallk8
netLG_TLm1_ep0it1000,Cloudy,0.47305289423757857,0.12729286061225623,19.961464354527937,35.45279383429672,49.13294797687861,57.30250481695568,63.12138728323699,68.67052023121387,72.33140655105973,75.49132947976878
netLG_TLm1_ep0it1000,Night,0.4897972374237629,0.12562529826450944,10.78684891023273,23.162172146287404,33.28407831547839,43.664573328407826,52.05024011821204,59.03213889915035,64.79497598817879,69.52345770225341
netLG_TLm1_ep0it1000,Sunny,1.0210766871220838,0.11940149093589246,6.433301797540208,12.06244087038789,18.448438978240304,23.888363292336802,29.754020813623463,34.62630085146642,39.78240302743614,44.84389782403028
netLG_TLm1_ep0it1000,Average,0.3403588957073613,0.03980049697863082,2.1444339325134028,4.02081362346263,6.149479659413434,7.962787764112267,9.918006937874488,11.542100283822139,13.26080100914538,14.947965941343426
