Loss,Ilum,CoarseLoc Accuracy,Geom Error 1PO-A,Geom Error 2PO1-A,Geom Error 2PO2-A,Geom Error CR-A,Geom Error KT-A,Geom Error LO-A,Geom Error PA-A,Geom Error ST-A,Geom Error TL-A,Geom Error,Recallk1,Recallk2,Recallk3,Recallk4,Recallk5,Recallk6,Recallk7,Recallk8
"['Loss', 'Average', 100, 0.08660017237599811, 0.06509784712881772, 0.05786467563083916, 0.12184288707775648, 0.14756589562364533, 0.22480053424470914, 0.19999908744219275, 0.06593742351845111, 0.14843454285151242, 0.12729286061225623, 100, 100, 100, 100, 100, 100, 100, 100]"
