Loss,Margin,Epoch,Iteration,Accuracy
semi hard,1,0,1300,90.44368600682594
semi hard,1,0,1400,96.07508532423208
semi hard,1,0,1600,97.7815699658703
semi hard,1,0,1700,98.29351535836177
semi hard,1,0,1800,98.29351535836177
semi hard,1,0,1900,98.97610921501706
semi hard,1,0,2900,98.97610921501706
